USE ENTV
GO

INSERT INTO Staff VALUES
('ST001', 'Handecha Sultanto', 'handechasultanto01@gmail.com', 'Male', '+6281360005912', '12 Sudirman Street', '1000000', '1999-1-30'), 
('ST002', 'Sarah Izzatulmila', 'sarahmila@gmail.com', 'Female', '+6281259700011', '9 Ahmad Yani Street', '1000000', '1999-12-1'),
('ST003', 'Audia Maharani', 'audiamaharani@gmail.com', 'Female', '+6281244400099', '1 Gatot Subroto', '2000000', '1989-2-28'),
('ST004', 'Cynthia Gladys', 'cyngladys@gmail.com', 'Female', '+6281158000178', '6 Triumph Street', '1000000', '2000-3-27'),
('ST005', 'Harry Potter', 'harpot@yahoo.com', 'Male', '+6281150171934', '934 Cempaka Street', '1600000', '1990-12-6'),
('ST006', 'Ronald Weisley', 'ronweisley22@gmail.com', 'Male', '+6281266652000', '66 Gunung Sari', '1700000', '1972-8-31'),
('ST007', 'Hermione Granger', 'hermgranger8@yahoo.com', 'Female', '+6281150797963', '12 Alley Street', '1900000', '1970-7-10'),
('ST008', 'Draco Malfoy', 'drmalf@gmail.com', 'Male', '+6281300015879', '26 Indah Permai Street', '1000000', '2000-4-10'),
('ST009', 'Severus Snape', 'ssnapee8@gmail.com', 'Male', '+62811836500', '56 Graha Family', '1110000', '1997-2-1'),
('ST010', 'Ginny Weasley', 'ginley100@yahoo.com', 'Female', '+6281223456789', '10 Citraland', '1990000', '1988-1-1'),
('ST011', 'Neville Longbottom', 'nelonggg@yahoo.com', 'Male', '+6281150000008', '1 Menteng Street', '1750000', '1995-3-12'),
('ST012', 'Cedric Diggory', 'vampiregorry@gmail.com', 'Male', '+6281211135681', '77 Teluk Dalam Street', '1800000', '1980-11-15'),
('ST013', 'Oliver Wood', 'woody@gmail.com', 'Male', '+6281150018388', '44 Mandarin Orchard Street', '1100000', '1990-6-18'),
('ST014', 'Fred Weasley', 'fredleyyy@yahoo.com', 'Male', '+628128777123', '333 Manggis Street', '1110000', '1990-9-13'),
('ST015', 'Albus Dumbledore', 'albusdore3@gmail.com', 'Male', '+62811612377', '1 Hogwarts Street', '2000000', '1979-5-10'),
('ST016', 'Cho Chand', 'chochangg10@yahoo.com', 'Female', '+6281240009999', '8 Orchard Street', '1950000', '1987-9-22')

INSERT INTO Customer VALUES
('CU001', 'Mario', 'mario15@gmail.com', 'Male', '+6281234567890', 'Kaloa Street', '2001-04-15'),
('CU002', 'Marco', 'marcoo@yahoo.com', 'Male', '+6282345678912', '6 Palem Aren Street', '1999-06-12'),
('CU003', 'Bianca Lydia', 'bianca.lyd@gmail.com', 'Female', '+6281132456798', '7 Hermina Street', '1996-12-16'),
('CU004', 'Syifa Maryam', 'syifam@yahoo.com', 'Female', '+6282436587091', '3 Gajah Mungkur Park', '2005-12-10'),
('CU005', 'Nada Khanza', 'nadakhanz@gmail.com', 'Female', '+628888123458', 'Villa Permata Hijau', '2002-10-01'),
('CU006', 'Kinanti Putri', 'kinanputri@yahoo.com', 'Female', '+6286288222212', 'Villa Ilhami', '1997-06-02'),
('CU007', 'Anya Azzahra', 'anyazzahra@yahoo.com', 'Female', '+6282178015102', 'Islamic Village', '1999-08-13'),
('CU008', 'Sabrina Nadhifa', 'snadhifa@gmail.com', 'Female', '+6289912431243', '6 MedLest Park', '2002-09-13'),
('CU009', 'Ibrahim Putra', 'ibputra@gmail.com', 'Male', '+6284123060292', '15 Soekarno Hatta', '2001-11-01'),
('CU010', 'Risyad', 'ri.syad@yahoo.com', 'Male', '+62887222558', 'Green Village', '1975-06-18'),
('CU011', 'Mikayla', 'mikay29@yahoo.com', 'Female', '+6285600521322', '8 Metro Alam Indah', '1972-03-29'),
('CU012', 'Bunga Citra', 'bungacitra@yahoo.com', 'Female', '+6285643128913', '125 Karang Street', '2003-12-03'),
('CU013', 'Khanza Azzahra', 'khanzzahra@gmail.com', 'Female', '+6282312300350', '116 Betet Street', '2000-11-03'),
('CU014', 'Jasmine Zayn', 'jasminez@gmail.com', 'Female', '+6281382826036', '8 Palem Sirai Street', '2000-10-05'),
('CU015', 'Bagas Ahmad', 'bagasahmad@yahoo.com', 'Male', '+6281315282559', '3 Lombok Street', '1999-06-12'),
('CU016', 'Munira Malaika', 'muniramalaika@yahoo.com', 'Female', '+6282468097531', '11 Jojoa Street', '1998-07-12')

INSERT INTO Vendor VALUES
('VE001', 'Electronic City', 'e.city@gmail.com', '+6288123654789', '9 Sutera Barat Street'),
('VE002', 'Tv World', 'tvwcontact@gmail.com', '+6281209839273', '18 Dr. Satrio Street'),
('VE003', 'Samba TV', 'Samstv@gmail.com', '+628963846123', '19 Mangga Besar Street'),
('VE004', 'TVia', 'tvia.id@gmail.com', '+62809425736109', '7 Trunojoyo Street'),
('VE005', 'ACE TV', 'help.ace@gmail.com', '+628756412763555', '200 Aceh Street'),
('VE006', 'TiVorma', 'tvorma@gmail.com', '+628162534111', '86 Pasupati Street'),
('VE007', 'Hari Hari TV', 'hhtv.complain@gmail.com', '+6288856562112', '88 TB Simatupang Street'),
('VE008', 'GS TV', 'gstv.kor@gmail.com', '+628211200890', '39 Mampang Street'),
('VE009', 'Grand TV', 'tvgrand@gmail.com', '+6289996654788', '120 Sudirman Street'),
('VE010', 'Electro Specta', 'especta.contact@gmail.com', '+6287766552139', '88 Nura Street'),
('VE011', 'Era Electronic', 'eractronic@gmail.com', '+6284487878722', '123 Riau Street'),
('VE012', 'Nama TV and Computer', 'namagroup@gmail.com', '+62887878744666', '70 Progo Street'),
('VE013', 'QBags TV', 'QBindonesia@gmail.com', '+6287879955456', '55 Kemang Dalam Street'),
('VE014', 'Adorama Electronic', 'adoramajkt@gmail.com', '+6289090889090', '20 Bangka Street'),
('VE015', 'Rumarupa Gadget', 'rumarupa@gmail.com', '+6289977552212', '17 Benda Street'),
('VE016', 'Electronic Solution', 'es.helpdesk@gmail.com', '+62812345678901', '23 K.H. Mas Mansyur Street')

INSERT INTO TelevisionBrand VALUES
('TB001', 'Samsung TV'),
('TB002', 'Xiaomi TV'),
('TB003', 'Panasonic TV'),
('TB004', 'Sony TV'),
('TB005', 'LG TV'),
('TB006', 'Toshiba TV'),
('TB007', 'Sharp TV'),
('TB008', 'Philips TV'),
('TB009', 'Hisense TV'),
('TB010', 'Coocaa TV'),
('TB011', 'Vizio TV'),
('TB012', 'TCL TV'),
('TB013', 'Changhong TV'),
('TB014', 'Polytron TV'),
('TB015', 'Sanyo TV'),
('TB016', 'Kodak TV')

INSERT INTO Television VALUES
('TE001', 'TB001', 'QN700A Neo QLED 8K Smart TV 55 Inch', '20000000'),
('TE002', 'TB001', 'AU8000 Crystal UHD 4K Smart TV 50 Inch', '8000000'),
('TE003', 'TB001', 'QN900A Neo QLED 8K Smart TV 80 Inch', '18000000'),
('TE004', 'TB001', 'QN800A Neo QLED 8K Smart TV 75 Inch', '19000000'),
('TE005', 'TB001', 'Q70A QLED 4K Smart TV 55 Inch', '16000000'),
('TE006', 'TB001', 'QN85A Neo QLED 4K Smart TV 65 Inch', '17000000'),
('TE007', 'TB002', 'Mi TV 4A Full HD LED Smart TV 32 Inch', '3000000'),
('TE008', 'TB002', 'Mi TV 4 Full HD LED Smart TV 43 Inch', '3500000'),
('TE009', 'TB002', 'Mi TV 4 Full HD LED Smart TV 55 Inch', '6000000'),
('TE010', 'TB005', 'LG TV LM5500 43 Inch', '3500000'),
('TE011', 'TB005', 'LG TV 32LH510D 32 Inch', '3000000'),
('TE012', 'TB005', 'LG TV 32LK500BPTA 32 Inch', '2000000'),
('TE013', 'TB005', 'LG TV 32LJ500D 32 Inch', '2500000'),
('TE014', 'TB003', 'Panasonic TV LED TH-24G302 24 Inch', '1800000'),
('TE015', 'TB003', 'Panasonic TV LED TH-24F305G 24 Inch', '1400000'),
('TE016', 'TB003', 'Panasonic TV LED TH-32D305 32 Inch', '4000000')

INSERT INTO PurchaseTransactionHeader VALUES
('PE001', 'ST005', 'VE001', '2021-5-9'),
('PE002', 'ST001', 'VE001', '2021-6-10'),
('PE003', 'ST005', 'VE003', '2021-4-1'),
('PE004', 'ST011', 'VE009', '2021-1-5'),
('PE005', 'ST009', 'VE009', '2021-2-27'),
('PE006', 'ST008', 'VE010', '2021-1-15'),
('PE007', 'ST016', 'VE002', '2021-7-19'),
('PE008', 'ST002', 'VE013', '2021-10-22'),
('PE009', 'ST003', 'VE015', '2021-8-31'),
('PE010', 'ST016', 'VE016', '2021-3-10'),
('PE011', 'ST012', 'VE004', '2021-9-2'),
('PE012', 'ST013', 'VE005', '2021-12-12'),
('PE013', 'ST007', 'VE008', '2021-11-28'),
('PE014', 'ST010', 'VE010', '2021-5-25'),
('PE015', 'ST010', 'VE010', '2021-3-18'),
('PE016', 'ST010', 'VE010', '2021-6-4')

INSERT INTO PurchaseTransactionDetail VALUES
('PE001', 'TE016', 3),
('PE001', 'TE001', 1),
('PE002', 'TE010', 7),
('PE002', 'TE012', 10),
('PE003', 'TE007', 5),
('PE003', 'TE002', 2),
('PE004', 'TE015', 4),
('PE005', 'TE005', 3),
('PE006', 'TE014', 1),
('PE007', 'TE009', 3),
('PE008', 'TE008', 2),
('PE009', 'TE013', 6),
('PE009', 'TE003', 5),
('PE010', 'TE012', 1),
('PE010', 'TE011', 9),
('PE011', 'TE007', 2),
('PE011', 'TE006', 1),
('PE012', 'TE010', 11),
('PE012', 'TE004', 3),
('PE013', 'TE004', 1),
('PE014', 'TE007', 6),
('PE014', 'TE002', 2),
('PE015', 'TE008', 3),
('PE015', 'TE013', 4),
('PE016', 'TE001', 2)

INSERT INTO SalesTransactionHeader VALUES
('SA001', 'ST016', 'CU010', '2021-09-13'),
('SA002', 'ST015', 'CU009', '2020-12-03'),
('SA003', 'ST014', 'CU008', '2021-03-16'),
('SA004', 'ST013', 'CU007', '2021-03-29'),
('SA005', 'ST012', 'CU006', '2021-06-18'),
('SA006', 'ST011', 'CU005', '2021-12-10'),
('SA007', 'ST010', 'CU004', '2021-09-24'),
('SA008', 'ST009', 'CU003', '2021-10-01'),
('SA009', 'ST008', 'CU002', '2021-12-29'),
('SA010', 'ST007', 'CU001', '2021-08-17'),
('SA011', 'ST006', 'CU011', '2021-01-09'),
('SA012', 'ST005', 'CU012', '2021-01-17'),
('SA013', 'ST004', 'CU013', '2021-04-21'),
('SA014', 'ST003', 'CU014', '2021-07-11'),
('SA015', 'ST002', 'CU015', '2021-02-14'),
('SA016', 'ST001', 'CU016', '2021-10-11')

INSERT INTO SalesTransactionDetail VALUES
('SA001', 'TE001', 5),
('SA001', 'TE010', 3),
('SA002', 'TE002', 2),
('SA002', 'TE009', 4),
('SA003', 'TE003', 5),
('SA003', 'TE008', 2),
('SA004', 'TE004', 5),
('SA004', 'TE007', 2),
('SA005', 'TE005', 3),
('SA005', 'TE006', 4),
('SA006', 'TE006', 2),
('SA006', 'TE005', 1),
('SA007', 'TE004', 2),
('SA007', 'TE003', 3),
('SA008', 'TE002', 2),
('SA008', 'TE001', 5),
('SA009', 'TE013', 2),
('SA009', 'TE004', 6),
('SA010', 'TE001', 7),
('SA011', 'TE014', 4),
('SA012', 'TE015', 3),
('SA013', 'TE007', 4),
('SA014', 'TE006', 5),
('SA015', 'TE011', 6),
('SA016', 'TE016', 7)
